ID,LOINC_CODE,CODE_SET_ID,GROUP_IDENTIFIER,COMPONENT_NAME,REFERENCE_VALUE_TYPE,UNIT,REFERENCE_RANGE_LOW,REFERENCE_RANGE_HIGH,AUTO_MAP_TITLE,AUTO_ID,"truncate table taxonomy_staging.standard_references.lab;
INSERT INTO TAXONOMY_STAGING.STANDARD_REFERENCES.LAB
(ID, LOINC_CODE, CODE_SET_ID, GROUP_IDENTIFIER, COMPONENT_NAME, REFERENCE_VALUE_TYPE, UNIT, REFERENCE_RANGE_LOW, REFERENCE_RANGE_HIGH) VALUES"
1,2345-7,f0cb4fa4-43d9-4252-bade-a48f6c66e5e3,CMP,Glucose [Mass/volume] in Serum or Plasma,numeric,mg/dL,74,100,Glucose [Mass/volume] in Serum or Plasma: mg/dL,1,"('1','2345-7','f0cb4fa4-43d9-4252-bade-a48f6c66e5e3','CMP','Glucose [Mass/volume] in Serum or Plasma','numeric','mg/dL','74','100'),"
2,2339-0,f0cb4fa4-43d9-4252-bade-a48f6c66e5e3,CMP,Glucose [Mass/volume] in Blood,numeric,mg/dL,74,100,Glucose [Mass/volume] in Blood: mg/dL,2,"('2','2339-0','f0cb4fa4-43d9-4252-bade-a48f6c66e5e3','CMP','Glucose [Mass/volume] in Blood','numeric','mg/dL','74','100'),"
3,74774-1,f0cb4fa4-43d9-4252-bade-a48f6c66e5e3,CMP,"Glucose [Mass/volume] in Serum, Plasma or Blood",numeric,mg/dL,74,100,"Glucose [Mass/volume] in Serum, Plasma or Blood: mg/dL",3,"('3','74774-1','f0cb4fa4-43d9-4252-bade-a48f6c66e5e3','CMP','Glucose [Mass/volume] in Serum, Plasma or Blood','numeric','mg/dL','74','100'),"
4,27353-2,f0cb4fa4-43d9-4252-bade-a48f6c66e5e3,CMP,Glucose mean value [Mass/volume] in Blood Estimated from glycated hemoglobin,numeric,mg/dL,74,100,Glucose mean value [Mass/volume] in Blood Estimated from glycated hemoglobin: mg/dL,4,"('4','27353-2','f0cb4fa4-43d9-4252-bade-a48f6c66e5e3','CMP','Glucose mean value [Mass/volume] in Blood Estimated from glycated hemoglobin','numeric','mg/dL','74','100'),"
5,2344-0,f0cb4fa4-43d9-4252-bade-a48f6c66e5e3,CMP,Glucose [Mass/volume] in Body fluid,numeric,mg/dL,74,100,Glucose [Mass/volume] in Body fluid: mg/dL,5,"('5','2344-0','f0cb4fa4-43d9-4252-bade-a48f6c66e5e3','CMP','Glucose [Mass/volume] in Body fluid','numeric','mg/dL','74','100'),"
6,2342-4,f0cb4fa4-43d9-4252-bade-a48f6c66e5e3,CMP,Glucose [Mass/volume] in Cerebral spinal fluid,numeric,mg/dL,74,100,Glucose [Mass/volume] in Cerebral spinal fluid: mg/dL,6,"('6','2342-4','f0cb4fa4-43d9-4252-bade-a48f6c66e5e3','CMP','Glucose [Mass/volume] in Cerebral spinal fluid','numeric','mg/dL','74','100'),"
7,1558-6,f0cb4fa4-43d9-4252-bade-a48f6c66e5e3,CMP,Fasting glucose [Mass/volume] in Serum or Plasma,numeric,mg/dL,74,100,Fasting glucose [Mass/volume] in Serum or Plasma: mg/dL,7,"('7','1558-6','f0cb4fa4-43d9-4252-bade-a48f6c66e5e3','CMP','Fasting glucose [Mass/volume] in Serum or Plasma','numeric','mg/dL','74','100'),"
8,17861-6,f0cb4fa4-43d9-4252-bade-a48f6c66e5e3,CMP,Calcium [Mass/volume] in Serum or Plasma,numeric,mg/dL,8.6,10.2,Calcium [Mass/volume] in Serum or Plasma: mg/dL,8,"('8','17861-6','f0cb4fa4-43d9-4252-bade-a48f6c66e5e3','CMP','Calcium [Mass/volume] in Serum or Plasma','numeric','mg/dL','8.6','10.2'),"
9,49765-1,f0cb4fa4-43d9-4252-bade-a48f6c66e5e3,CMP,Calcium [Mass/volume] in Blood,numeric,mg/dL,8.6,10.2,Calcium [Mass/volume] in Blood: mg/dL,9,"('9','49765-1','f0cb4fa4-43d9-4252-bade-a48f6c66e5e3','CMP','Calcium [Mass/volume] in Blood','numeric','mg/dL','8.6','10.2'),"
10,17863-2,f0cb4fa4-43d9-4252-bade-a48f6c66e5e3,CMP,Calcium.ionized [Mass/volume] in Serum or Plasma,numeric,mg/dL,8.6,10.2,Calcium.ionized [Mass/volume] in Serum or Plasma: mg/dL,10,"('10','17863-2','f0cb4fa4-43d9-4252-bade-a48f6c66e5e3','CMP','Calcium.ionized [Mass/volume] in Serum or Plasma','numeric','mg/dL','8.6','10.2'),"
11,38230-9,f0cb4fa4-43d9-4252-bade-a48f6c66e5e3,CMP,Calcium.ionized [Mass/volume] in Blood,numeric,mg/dL,8.6,10.2,Calcium.ionized [Mass/volume] in Blood: mg/dL,11,"('11','38230-9','f0cb4fa4-43d9-4252-bade-a48f6c66e5e3','CMP','Calcium.ionized [Mass/volume] in Blood','numeric','mg/dL','8.6','10.2'),"
12,2951-2,f0cb4fa4-43d9-4252-bade-a48f6c66e5e3,CMP,Sodium [Moles/volume] in Serum or Plasma,numeric,mmol/L,136,145,Sodium [Moles/volume] in Serum or Plasma: mmol/L,12,"('12','2951-2','f0cb4fa4-43d9-4252-bade-a48f6c66e5e3','CMP','Sodium [Moles/volume] in Serum or Plasma','numeric','mmol/L','136','145'),"
13,2947-0,f0cb4fa4-43d9-4252-bade-a48f6c66e5e3,CMP,Sodium [Moles/volume] in Blood,numeric,mmol/L,136,145,Sodium [Moles/volume] in Blood: mmol/L,13,"('13','2947-0','f0cb4fa4-43d9-4252-bade-a48f6c66e5e3','CMP','Sodium [Moles/volume] in Blood','numeric','mmol/L','136','145'),"
14,77139-4,f0cb4fa4-43d9-4252-bade-a48f6c66e5e3,CMP,"Sodium [Moles/volume] in Serum, Plasma or Blood",numeric,mmol/L,136,145,"Sodium [Moles/volume] in Serum, Plasma or Blood: mmol/L",14,"('14','77139-4','f0cb4fa4-43d9-4252-bade-a48f6c66e5e3','CMP','Sodium [Moles/volume] in Serum, Plasma or Blood','numeric','mmol/L','136','145'),"
15,32717-1,f0cb4fa4-43d9-4252-bade-a48f6c66e5e3,CMP,Sodium [Moles/volume] in Arterial blood,numeric,mmol/L,136,145,Sodium [Moles/volume] in Arterial blood: mmol/L,15,"('15','32717-1','f0cb4fa4-43d9-4252-bade-a48f6c66e5e3','CMP','Sodium [Moles/volume] in Arterial blood','numeric','mmol/L','136','145'),"
16,6298-4,f0cb4fa4-43d9-4252-bade-a48f6c66e5e3,CMP,Potassium [Moles/volume] in Blood,numeric,mmol/L,3.5,5.1,Potassium [Moles/volume] in Blood: mmol/L,16,"('16','6298-4','f0cb4fa4-43d9-4252-bade-a48f6c66e5e3','CMP','Potassium [Moles/volume] in Blood','numeric','mmol/L','3.5','5.1'),"
17,32713-0,f0cb4fa4-43d9-4252-bade-a48f6c66e5e3,CMP,Potassium [Moles/volume] in Arterial blood,numeric,mmol/L,3.5,5.1,Potassium [Moles/volume] in Arterial blood: mmol/L,17,"('17','32713-0','f0cb4fa4-43d9-4252-bade-a48f6c66e5e3','CMP','Potassium [Moles/volume] in Arterial blood','numeric','mmol/L','3.5','5.1'),"
18,2823-3,f0cb4fa4-43d9-4252-bade-a48f6c66e5e3,CMP,Potassium [Moles/volume] in Serum or Plasma,numeric,mmol/L,3.5,5.1,Potassium [Moles/volume] in Serum or Plasma: mmol/L,18,"('18','2823-3','f0cb4fa4-43d9-4252-bade-a48f6c66e5e3','CMP','Potassium [Moles/volume] in Serum or Plasma','numeric','mmol/L','3.5','5.1'),"
19,2027-1,f0cb4fa4-43d9-4252-bade-a48f6c66e5e3,CMP,"Carbon dioxide, total [Moles/volume] in Venous blood",numeric,mmol/L,23,29,"Carbon dioxide, total [Moles/volume] in Venous blood: mmol/L",19,"('19','2027-1','f0cb4fa4-43d9-4252-bade-a48f6c66e5e3','CMP','Carbon dioxide, total [Moles/volume] in Venous blood','numeric','mmol/L','23','29'),"
20,2026-3,f0cb4fa4-43d9-4252-bade-a48f6c66e5e3,CMP,"Carbon dioxide, total [Moles/volume] in Arterial blood",numeric,mmol/L,23,29,"Carbon dioxide, total [Moles/volume] in Arterial blood: mmol/L",20,"('20','2026-3','f0cb4fa4-43d9-4252-bade-a48f6c66e5e3','CMP','Carbon dioxide, total [Moles/volume] in Arterial blood','numeric','mmol/L','23','29'),"
21,20565-8,f0cb4fa4-43d9-4252-bade-a48f6c66e5e3,CMP,"Carbon dioxide, total [Moles/volume] in Blood",numeric,mmol/L,23,29,"Carbon dioxide, total [Moles/volume] in Blood: mmol/L",21,"('21','20565-8','f0cb4fa4-43d9-4252-bade-a48f6c66e5e3','CMP','Carbon dioxide, total [Moles/volume] in Blood','numeric','mmol/L','23','29'),"
22,2028-9,f0cb4fa4-43d9-4252-bade-a48f6c66e5e3,CMP,"Carbon dioxide, total [Moles/volume] in Serum or Plasma",numeric,mmol/L,23,29,"Carbon dioxide, total [Moles/volume] in Serum or Plasma: mmol/L",22,"('22','2028-9','f0cb4fa4-43d9-4252-bade-a48f6c66e5e3','CMP','Carbon dioxide, total [Moles/volume] in Serum or Plasma','numeric','mmol/L','23','29'),"
23,2075-0,f0cb4fa4-43d9-4252-bade-a48f6c66e5e3,CMP,Chloride [Moles/volume] in Serum or Plasma,numeric,mmol/L,98,106,Chloride [Moles/volume] in Serum or Plasma: mmol/L,23,"('23','2075-0','f0cb4fa4-43d9-4252-bade-a48f6c66e5e3','CMP','Chloride [Moles/volume] in Serum or Plasma','numeric','mmol/L','98','106'),"
24,77138-6,f0cb4fa4-43d9-4252-bade-a48f6c66e5e3,CMP,"Chloride [Moles/volume] in Serum, Plasma or Blood",numeric,mmol/L,98,107,"Chloride [Moles/volume] in Serum, Plasma or Blood: mmol/L",24,"('24','77138-6','f0cb4fa4-43d9-4252-bade-a48f6c66e5e3','CMP','Chloride [Moles/volume] in Serum, Plasma or Blood','numeric','mmol/L','98','107'),"
25,2069-3,f0cb4fa4-43d9-4252-bade-a48f6c66e5e3,CMP,Chloride [Moles/volume] in Blood,numeric,mmol/L,98,107,Chloride [Moles/volume] in Blood: mmol/L,25,"('25','2069-3','f0cb4fa4-43d9-4252-bade-a48f6c66e5e3','CMP','Chloride [Moles/volume] in Blood','numeric','mmol/L','98','107'),"
26,6299-2,f0cb4fa4-43d9-4252-bade-a48f6c66e5e3,CMP,Urea nitrogen [Mass/volume] in Blood {BUN},numeric,mg/dL,8,23,Urea nitrogen [Mass/volume] in Blood {BUN}: mg/dL,26,"('26','6299-2','f0cb4fa4-43d9-4252-bade-a48f6c66e5e3','CMP','Urea nitrogen [Mass/volume] in Blood {BUN}','numeric','mg/dL','8','23'),"
27,3094-0,f0cb4fa4-43d9-4252-bade-a48f6c66e5e3,CMP,Urea nitrogen [Mass/volume] in Serum or Plasma,numeric,mg/dL,8,23,Urea nitrogen [Mass/volume] in Serum or Plasma: mg/dL,27,"('27','3094-0','f0cb4fa4-43d9-4252-bade-a48f6c66e5e3','CMP','Urea nitrogen [Mass/volume] in Serum or Plasma','numeric','mg/dL','8','23'),"
28,3097-3,f0cb4fa4-43d9-4252-bade-a48f6c66e5e3,CMP,Urea nitrogen/Creatinine [Mass Ratio] in Serum or Plasma,numeric,mg/mg{creat},10,20,Urea nitrogen/Creatinine [Mass Ratio] in Serum or Plasma: mg/mg{creat},28,"('28','3097-3','f0cb4fa4-43d9-4252-bade-a48f6c66e5e3','CMP','Urea nitrogen/Creatinine [Mass Ratio] in Serum or Plasma','numeric','mg/mg{creat}','10','20'),"
29,2160-0,f0cb4fa4-43d9-4252-bade-a48f6c66e5e3,CMP,Creatinine [Mass/volume] in Serum or Plasma,numeric,mg/dL,0.8,1.3,Creatinine [Mass/volume] in Serum or Plasma: mg/dL,29,"('29','2160-0','f0cb4fa4-43d9-4252-bade-a48f6c66e5e3','CMP','Creatinine [Mass/volume] in Serum or Plasma','numeric','mg/dL','0.8','1.3'),"
30,38483-4,f0cb4fa4-43d9-4252-bade-a48f6c66e5e3,CMP,Creatinine [Mass/volume] in Blood,numeric,mg/dL,0.8,1.3,Creatinine [Mass/volume] in Blood: mg/dL,30,"('30','38483-4','f0cb4fa4-43d9-4252-bade-a48f6c66e5e3','CMP','Creatinine [Mass/volume] in Blood','numeric','mg/dL','0.8','1.3'),"
31,12190-5,f0cb4fa4-43d9-4252-bade-a48f6c66e5e3,CMP,Creatinine [Mass/volume] in Body fluid,numeric,mg/dL,0.8,1.3,Creatinine [Mass/volume] in Body fluid: mg/dL,31,"('31','12190-5','f0cb4fa4-43d9-4252-bade-a48f6c66e5e3','CMP','Creatinine [Mass/volume] in Body fluid','numeric','mg/dL','0.8','1.3'),"
32,1751-7,f0cb4fa4-43d9-4252-bade-a48f6c66e5e3,CMP,Albumin [Mass/volume] in Serum or Plasma,numeric,g/dL,3.5,5.5,Albumin [Mass/volume] in Serum or Plasma: g/dL,32,"('32','1751-7','f0cb4fa4-43d9-4252-bade-a48f6c66e5e3','CMP','Albumin [Mass/volume] in Serum or Plasma','numeric','g/dL','3.5','5.5'),"
33,2862-1,f0cb4fa4-43d9-4252-bade-a48f6c66e5e3,CMP,Albumin [Mass/volume] in Serum or Plasma by Electrophoresis,numeric,g/dL,3.5,5.5,Albumin [Mass/volume] in Serum or Plasma by Electrophoresis: g/dL,33,"('33','2862-1','f0cb4fa4-43d9-4252-bade-a48f6c66e5e3','CMP','Albumin [Mass/volume] in Serum or Plasma by Electrophoresis','numeric','g/dL','3.5','5.5'),"
34,2881-1,f0cb4fa4-43d9-4252-bade-a48f6c66e5e3,CMP,Protein [Mass/volume] in Body fluid,numeric,g/dL,,,Protein [Mass/volume] in Body fluid: g/dL,34,"('34','2881-1','f0cb4fa4-43d9-4252-bade-a48f6c66e5e3','CMP','Protein [Mass/volume] in Body fluid','numeric','g/dL','',''),"
35,2885-2,f0cb4fa4-43d9-4252-bade-a48f6c66e5e3,CMP,Protein [Mass/volume] in Serum or Plasma,numeric,g/dL,5.5,8.0,Protein [Mass/volume] in Serum or Plasma: g/dL,35,"('35','2885-2','f0cb4fa4-43d9-4252-bade-a48f6c66e5e3','CMP','Protein [Mass/volume] in Serum or Plasma','numeric','g/dL','5.5','8.0'),"
36,33358-3,f0cb4fa4-43d9-4252-bade-a48f6c66e5e3,CMP,Protein.monoclonal [Mass/volume] in Serum or Plasma by Electrophoresis,numeric,g/dL,,,Protein.monoclonal [Mass/volume] in Serum or Plasma by Electrophoresis: g/dL,36,"('36','33358-3','f0cb4fa4-43d9-4252-bade-a48f6c66e5e3','CMP','Protein.monoclonal [Mass/volume] in Serum or Plasma by Electrophoresis','numeric','g/dL','',''),"
37,14338-8,f0cb4fa4-43d9-4252-bade-a48f6c66e5e3,CMP,Prealbumin [Mass/volume] in Serum or Plasma,numeric,mg/dL,,,Prealbumin [Mass/volume] in Serum or Plasma: mg/dL,37,"('37','14338-8','f0cb4fa4-43d9-4252-bade-a48f6c66e5e3','CMP','Prealbumin [Mass/volume] in Serum or Plasma','numeric','mg/dL','',''),"
38,6768-6,f0cb4fa4-43d9-4252-bade-a48f6c66e5e3,CMP,Alkaline phosphatase [Enzymatic activity/volume] in Serum or Plasma {ALP},numeric,U/L,30,120,Alkaline phosphatase [Enzymatic activity/volume] in Serum or Plasma {ALP}: U/L,38,"('38','6768-6','f0cb4fa4-43d9-4252-bade-a48f6c66e5e3','CMP','Alkaline phosphatase [Enzymatic activity/volume] in Serum or Plasma {ALP}','numeric','U/L','30','120'),"
39,1742-6,f0cb4fa4-43d9-4252-bade-a48f6c66e5e3,CMP,Alanine aminotransferase [Enzymatic activity/volume] in Serum or Plasma {SGPT},numeric,U/L,0,25,Alanine aminotransferase [Enzymatic activity/volume] in Serum or Plasma {SGPT}: U/L,39,"('39','1742-6','f0cb4fa4-43d9-4252-bade-a48f6c66e5e3','CMP','Alanine aminotransferase [Enzymatic activity/volume] in Serum or Plasma {SGPT}','numeric','U/L','0','25'),"
40,1920-8,f0cb4fa4-43d9-4252-bade-a48f6c66e5e3,CMP,Aspartate aminotransferase [Enzymatic activity/volume] in Serum or Plasma {SGOT},numeric,U/L,0,25,Aspartate aminotransferase [Enzymatic activity/volume] in Serum or Plasma {SGOT}: U/L,40,"('40','1920-8','f0cb4fa4-43d9-4252-bade-a48f6c66e5e3','CMP','Aspartate aminotransferase [Enzymatic activity/volume] in Serum or Plasma {SGOT}','numeric','U/L','0','25'),"
41,1975-2,f0cb4fa4-43d9-4252-bade-a48f6c66e5e3,CMP,Bilirubin.total [Mass/volume] in Serum or Plasma,numeric,mg/dL,0.3,1.0,Bilirubin.total [Mass/volume] in Serum or Plasma: mg/dL,41,"('41','1975-2','f0cb4fa4-43d9-4252-bade-a48f6c66e5e3','CMP','Bilirubin.total [Mass/volume] in Serum or Plasma','numeric','mg/dL','0.3','1.0'),"
42,1971-1,f0cb4fa4-43d9-4252-bade-a48f6c66e5e3,CMP,Bilirubin.indirect [Mass/volume] in Serum or Plasma,numeric,mg/dL,,,Bilirubin.indirect [Mass/volume] in Serum or Plasma: mg/dL,42,"('42','1971-1','f0cb4fa4-43d9-4252-bade-a48f6c66e5e3','CMP','Bilirubin.indirect [Mass/volume] in Serum or Plasma','numeric','mg/dL','',''),"
43,1968-7,f0cb4fa4-43d9-4252-bade-a48f6c66e5e3,CMP,Bilirubin.direct [Mass/volume] in Serum or Plasma,numeric,mg/dL,,,Bilirubin.direct [Mass/volume] in Serum or Plasma: mg/dL,43,"('43','1968-7','f0cb4fa4-43d9-4252-bade-a48f6c66e5e3','CMP','Bilirubin.direct [Mass/volume] in Serum or Plasma','numeric','mg/dL','',''),"
,,,,,,,,,:,,
101,6690-2,f0cb4fa4-43d9-4252-bade-a48f6c66e5e3,CBC,Leukocytes [#/volume] in Blood by Automated count {WBC},numeric,10*3/uL,4.4,11.3,Leukocytes [#/volume] in Blood by Automated count {WBC}: 10*3/uL,101,"('101','6690-2','f0cb4fa4-43d9-4252-bade-a48f6c66e5e3','CBC','Leukocytes [#/volume] in Blood by Automated count {WBC}','numeric','10*3/uL','4.4','11.3'),"
102,789-8,f0cb4fa4-43d9-4252-bade-a48f6c66e5e3,CBC,Erythrocytes [#/volume] in Blood by Automated count {RBC},numeric,10*6/uL,4.7,6.1,Erythrocytes [#/volume] in Blood by Automated count {RBC}: 10*6/uL,102,"('102','789-8','f0cb4fa4-43d9-4252-bade-a48f6c66e5e3','CBC','Erythrocytes [#/volume] in Blood by Automated count {RBC}','numeric','10*6/uL','4.7','6.1'),"
103,791-4,f0cb4fa4-43d9-4252-bade-a48f6c66e5e3,CBC,Erythrocytes [#/volume] in Cerebral spinal fluid by Automated count,numeric,10*6/uL,,,Erythrocytes [#/volume] in Cerebral spinal fluid by Automated count: 10*6/uL,103,"('103','791-4','f0cb4fa4-43d9-4252-bade-a48f6c66e5e3','CBC','Erythrocytes [#/volume] in Cerebral spinal fluid by Automated count','numeric','10*6/uL','',''),"
104,718-7,f0cb4fa4-43d9-4252-bade-a48f6c66e5e3,CBC,Hemoglobin [Mass/volume] in Blood {Hgb},numeric,g/dL,14,18,Hemoglobin [Mass/volume] in Blood {Hgb}: g/dL,104,"('104','718-7','f0cb4fa4-43d9-4252-bade-a48f6c66e5e3','CBC','Hemoglobin [Mass/volume] in Blood {Hgb}','numeric','g/dL','14','18'),"
105,4548-4,f0cb4fa4-43d9-4252-bade-a48f6c66e5e3,CBC,Hemoglobin A1c/Hemoglobin.total in Blood,numeric,%,,,Hemoglobin A1c/Hemoglobin.total in Blood: %,105,"('105','4548-4','f0cb4fa4-43d9-4252-bade-a48f6c66e5e3','CBC','Hemoglobin A1c/Hemoglobin.total in Blood','numeric','%','',''),"
106,42810-2,f0cb4fa4-43d9-4252-bade-a48f6c66e5e3,CBC,Hemoglobin [Entitic mass] in Reticulocytes,numeric,pg,,,Hemoglobin [Entitic mass] in Reticulocytes: pg,106,"('106','42810-2','f0cb4fa4-43d9-4252-bade-a48f6c66e5e3','CBC','Hemoglobin [Entitic mass] in Reticulocytes','numeric','pg','',''),"
107,4544-3,f0cb4fa4-43d9-4252-bade-a48f6c66e5e3,CBC,Hematocrit [Volume Fraction] of Blood by Automated count {HCT},numeric,%,42,52,Hematocrit [Volume Fraction] of Blood by Automated count {HCT}: %,107,"('107','4544-3','f0cb4fa4-43d9-4252-bade-a48f6c66e5e3','CBC','Hematocrit [Volume Fraction] of Blood by Automated count {HCT}','numeric','%','42','52'),"
108,787-2,f0cb4fa4-43d9-4252-bade-a48f6c66e5e3,CBC,MCV [Entitic volume] by Automated count {Mean corpuscular volume},numeric,fL,80,100,MCV [Entitic volume] by Automated count {Mean corpuscular volume}: fL,108,"('108','787-2','f0cb4fa4-43d9-4252-bade-a48f6c66e5e3','CBC','MCV [Entitic volume] by Automated count {Mean corpuscular volume}','numeric','fL','80','100'),"
109,785-6,f0cb4fa4-43d9-4252-bade-a48f6c66e5e3,CBC,MCH [Entitic mass] by Automated count {Mean corpuscular hemoglobin},numeric,pg,27,32,MCH [Entitic mass] by Automated count {Mean corpuscular hemoglobin}: pg,109,"('109','785-6','f0cb4fa4-43d9-4252-bade-a48f6c66e5e3','CBC','MCH [Entitic mass] by Automated count {Mean corpuscular hemoglobin}','numeric','pg','27','32'),"
110,786-4,f0cb4fa4-43d9-4252-bade-a48f6c66e5e3,CBC,MCHC [Mass/volume] by Automated count,numeric,g/dL,32,36,MCHC [Mass/volume] by Automated count: g/dL,110,"('110','786-4','f0cb4fa4-43d9-4252-bade-a48f6c66e5e3','CBC','MCHC [Mass/volume] by Automated count','numeric','g/dL','32','36'),"
111,30384-2,f0cb4fa4-43d9-4252-bade-a48f6c66e5e3,CBC,Erythrocyte distribution width [Entitic volume] {RDW-SD},numeric,fL,40.0,55.0,Erythrocyte distribution width [Entitic volume] {RDW-SD}: fL,111,"('111','30384-2','f0cb4fa4-43d9-4252-bade-a48f6c66e5e3','CBC','Erythrocyte distribution width [Entitic volume] {RDW-SD}','numeric','fL','11.5','55.0'),"
112,30385-9,f0cb4fa4-43d9-4252-bade-a48f6c66e5e3,CBC,Erythrocyte distribution width [Ratio] {RDW-CV},numeric,%,11.5,14.5,Erythrocyte distribution width [Ratio] {RDW-CV}: %,112,"('112','30385-9','f0cb4fa4-43d9-4252-bade-a48f6c66e5e3','CBC','Erythrocyte distribution width [Ratio] {RDW-CV}','numeric','%','150','14.5'),"
113,777-3,f0cb4fa4-43d9-4252-bade-a48f6c66e5e3,CBC,Platelets [#/volume] in Blood by Automated count,numeric,10*3/uL,150,450,Platelets [#/volume] in Blood by Automated count: 10*3/uL,113,"('113','777-3','f0cb4fa4-43d9-4252-bade-a48f6c66e5e3','CBC','Platelets [#/volume] in Blood by Automated count','numeric','10*3/uL','150','450'),"
114,28542-9,f0cb4fa4-43d9-4252-bade-a48f6c66e5e3,CBC,Platelet mean volume [Entitic volume] in Blood {MPV},numeric,fL,7.5,11.0,Platelet mean volume [Entitic volume] in Blood {MPV}: fL,114,"('114','28542-9','f0cb4fa4-43d9-4252-bade-a48f6c66e5e3','CBC','Platelet mean volume [Entitic volume] in Blood {MPV}','numeric','fL','7.5','11.0'),"
115,32207-3,f0cb4fa4-43d9-4252-bade-a48f6c66e5e3,CBC,Platelet distribution width [Entitic volume] in Blood by Automated count {PDW},numeric,fL,,,Platelet distribution width [Entitic volume] in Blood by Automated count {PDW}: fL,115,"('115','32207-3','f0cb4fa4-43d9-4252-bade-a48f6c66e5e3','CBC','Platelet distribution width [Entitic volume] in Blood by Automated count {PDW}','numeric','fL','',''),"
116,71693-6,f0cb4fa4-43d9-4252-bade-a48f6c66e5e3,CBC,Platelets reticulated/100 platelets in Blood by Automated count,numeric,%,,,Platelets reticulated/100 platelets in Blood by Automated count: %,116,"('116','71693-6','f0cb4fa4-43d9-4252-bade-a48f6c66e5e3','CBC','Platelets reticulated/100 platelets in Blood by Automated count','numeric','%','',''),"
117,14196-0,f0cb4fa4-43d9-4252-bade-a48f6c66e5e3,CBC,Reticulocytes [#/volume] in Blood,numeric,10*3/uL,,,Reticulocytes [#/volume] in Blood: 10*3/uL,117,"('117','14196-0','f0cb4fa4-43d9-4252-bade-a48f6c66e5e3','CBC','Reticulocytes [#/volume] in Blood','numeric','10*3/uL','',''),"
118,17849-1,f0cb4fa4-43d9-4252-bade-a48f6c66e5e3,CBC,Reticulocytes/100 erythrocytes in Blood by Automated count,numeric,%,,,Reticulocytes/100 erythrocytes in Blood by Automated count: %,118,"('118','17849-1','f0cb4fa4-43d9-4252-bade-a48f6c66e5e3','CBC','Reticulocytes/100 erythrocytes in Blood by Automated count','numeric','%','',''),"
119,33516-6,f0cb4fa4-43d9-4252-bade-a48f6c66e5e3,CBC,Immature reticulocytes/Reticulocytes.total in Blood,numeric,%,,,Immature reticulocytes/Reticulocytes.total in Blood: %,119,"('119','33516-6','f0cb4fa4-43d9-4252-bade-a48f6c66e5e3','CBC','Immature reticulocytes/Reticulocytes.total in Blood','numeric','%','',''),"
120,30392-5,f0cb4fa4-43d9-4252-bade-a48f6c66e5e3,CBC,Nucleated erythrocytes [#/volume] in Blood {NRBC #},numeric,10*3/uL,,,Nucleated erythrocytes [#/volume] in Blood {NRBC #}: 10*3/uL,120,"('120','30392-5','f0cb4fa4-43d9-4252-bade-a48f6c66e5e3','CBC','Nucleated erythrocytes [#/volume] in Blood {NRBC #}','numeric','10*3/uL','',''),"
121,19048-8,f0cb4fa4-43d9-4252-bade-a48f6c66e5e3,CBC,Nucleated erythrocytes/100 leukocytes [Ratio] in Blood {NRBC %},numeric,/100{WBCs},,,Nucleated erythrocytes/100 leukocytes [Ratio] in Blood {NRBC %}: /100{WBCs},121,"('121','19048-8','f0cb4fa4-43d9-4252-bade-a48f6c66e5e3','CBC','Nucleated erythrocytes/100 leukocytes [Ratio] in Blood {NRBC %}','numeric','/100{WBCs}','',''),"
122,52816-6,f0cb4fa4-43d9-4252-bade-a48f6c66e5e3,CBC,Nucleated cells [#/volume] in Cerebral spinal fluid by Automated count,numeric,10*3/uL,,,Nucleated cells [#/volume] in Cerebral spinal fluid by Automated count: 10*3/uL,122,"('122','52816-6','f0cb4fa4-43d9-4252-bade-a48f6c66e5e3','CBC','Nucleated cells [#/volume] in Cerebral spinal fluid by Automated count','numeric','10*3/uL','',''),"
123,71690-2,f0cb4fa4-43d9-4252-bade-a48f6c66e5e3,CBC,Nucleated cells [#/volume] in Body fluid by Automated count,numeric,10*3/uL,,,Nucleated cells [#/volume] in Body fluid by Automated count: 10*3/uL,123,"('123','71690-2','f0cb4fa4-43d9-4252-bade-a48f6c66e5e3','CBC','Nucleated cells [#/volume] in Body fluid by Automated count','numeric','10*3/uL','',''),"
124,10378-8,f0cb4fa4-43d9-4252-bade-a48f6c66e5e3,CBC,Polychromasia [Presence] in Blood by Light microscopy,text,,,,Polychromasia [Presence] in Blood by Light microscopy: ,124,"('124','10378-8','f0cb4fa4-43d9-4252-bade-a48f6c66e5e3','CBC','Polychromasia [Presence] in Blood by Light microscopy','text','','',''),"
125,15061-5,f0cb4fa4-43d9-4252-bade-a48f6c66e5e3,CBC,Erythropoietin (EPO) [Units/volume] in Serum or Plasma,numeric,m[IU]/mL,,,Erythropoietin (EPO) [Units/volume] in Serum or Plasma: m[IU]/mL,125,"('125','15061-5','f0cb4fa4-43d9-4252-bade-a48f6c66e5e3','CBC','Erythropoietin (EPO) [Units/volume] in Serum or Plasma','numeric','m[IU]/mL','',''),"
126,38892-6,f0cb4fa4-43d9-4252-bade-a48f6c66e5e3,CBC,Anisocytosis [Presence] in Blood,text,,,,Anisocytosis [Presence] in Blood: ,126,"('126','38892-6','f0cb4fa4-43d9-4252-bade-a48f6c66e5e3','CBC','Anisocytosis [Presence] in Blood','text','','',''),"
127,30341-2,f0cb4fa4-43d9-4252-bade-a48f6c66e5e3,CBC,Erythrocyte sedimentation rate,numeric,mm/h,,,Erythrocyte sedimentation rate: mm/h,127,"('127','30341-2','f0cb4fa4-43d9-4252-bade-a48f6c66e5e3','CBC','Erythrocyte sedimentation rate','numeric','mm/h','',''),"
128,15180-3,f0cb4fa4-43d9-4252-bade-a48f6c66e5e3,CBC,Hypochromia [Presence] in Blood by Automated count,text,,,,Hypochromia [Presence] in Blood by Automated count: ,128,"('128','15180-3','f0cb4fa4-43d9-4252-bade-a48f6c66e5e3','CBC','Hypochromia [Presence] in Blood by Automated count','text','','',''),"
129,4542-7,f0cb4fa4-43d9-4252-bade-a48f6c66e5e3,CBC,Haptoglobin [Mass/volume] in Serum or Plasma,numeric,mg/dL,,,Haptoglobin [Mass/volume] in Serum or Plasma: mg/dL,129,"('129','4542-7','f0cb4fa4-43d9-4252-bade-a48f6c66e5e3','CBC','Haptoglobin [Mass/volume] in Serum or Plasma','numeric','mg/dL','',''),"
,,,,,,,,,:,,
201,26499-4,f0cb4fa4-43d9-4252-bade-a48f6c66e5e3,CBC,Neutrophils [#/volume] in Blood (NE #),numeric,10*3/uL,1.8,7.8,Neutrophils [#/volume] in Blood (NE #): 10*3/uL,201,"('201','26499-4','f0cb4fa4-43d9-4252-bade-a48f6c66e5e3','CBC','Neutrophils [#/volume] in Blood (NE #)','numeric','10*3/uL','1.8','7.8'),"
202,26511-6,f0cb4fa4-43d9-4252-bade-a48f6c66e5e3,CBC,Neutrophils/100 leukocytes in Blood {NE %},numeric,%,33,73,Neutrophils/100 leukocytes in Blood {NE %}: %,202,"('202','26511-6','f0cb4fa4-43d9-4252-bade-a48f6c66e5e3','CBC','Neutrophils/100 leukocytes in Blood {NE %}','numeric','%','33','73'),"
203,30451-9,f0cb4fa4-43d9-4252-bade-a48f6c66e5e3,CBC,Segmented neutrophils [#/volume] in Blood,numeric,10*3/uL,,,Segmented neutrophils [#/volume] in Blood: 10*3/uL,203,"('203','30451-9','f0cb4fa4-43d9-4252-bade-a48f6c66e5e3','CBC','Segmented neutrophils [#/volume] in Blood','numeric','10*3/uL','',''),"
204,26507-4,f0cb4fa4-43d9-4252-bade-a48f6c66e5e3,CBC,Band form neutrophils [#/volume] in Blood,numeric,10*3/uL,,,Band form neutrophils [#/volume] in Blood: 10*3/uL,204,"('204','26507-4','f0cb4fa4-43d9-4252-bade-a48f6c66e5e3','CBC','Band form neutrophils [#/volume] in Blood','numeric','10*3/uL','',''),"
205,769-0,f0cb4fa4-43d9-4252-bade-a48f6c66e5e3,CBC,Segmented neutrophils/100 leukocytes in Blood by Manual count,numeric,%,43,63,Segmented neutrophils/100 leukocytes in Blood by Manual count: %,205,"('205','769-0','f0cb4fa4-43d9-4252-bade-a48f6c66e5e3','CBC','Segmented neutrophils/100 leukocytes in Blood by Manual count','numeric','%','43','63'),"
206,751-8,f0cb4fa4-43d9-4252-bade-a48f6c66e5e3,CBC,Neutrophils [#/volume] in Blood by Automated count,numeric,10*3/uL,,,Neutrophils [#/volume] in Blood by Automated count: 10*3/uL,206,"('206','751-8','f0cb4fa4-43d9-4252-bade-a48f6c66e5e3','CBC','Neutrophils [#/volume] in Blood by Automated count','numeric','10*3/uL','',''),"
207,13354-6,f0cb4fa4-43d9-4252-bade-a48f6c66e5e3,CBC,Band form neutrophils/100 leukocytes in Body fluid by Manual count,numeric,%,,,Band form neutrophils/100 leukocytes in Body fluid by Manual count: %,207,"('207','13354-6','f0cb4fa4-43d9-4252-bade-a48f6c66e5e3','CBC','Band form neutrophils/100 leukocytes in Body fluid by Manual count','numeric','%','',''),"
208,26474-7,f0cb4fa4-43d9-4252-bade-a48f6c66e5e3,CBC,Lymphocytes [#/volume] in Blood {LY #},numeric,10*3/uL,1.0,4.8,Lymphocytes [#/volume] in Blood {LY #}: 10*3/uL,208,"('208','26474-7','f0cb4fa4-43d9-4252-bade-a48f6c66e5e3','CBC','Lymphocytes [#/volume] in Blood {LY #}','numeric','10*3/uL','1.0','4.8'),"
209,26478-8,f0cb4fa4-43d9-4252-bade-a48f6c66e5e3,CBC,Lymphocytes/100 leukocytes in Blood {LY %},numeric,%,13,52,Lymphocytes/100 leukocytes in Blood {LY %}: %,209,"('209','26478-8','f0cb4fa4-43d9-4252-bade-a48f6c66e5e3','CBC','Lymphocytes/100 leukocytes in Blood {LY %}','numeric','%','13','52'),"
210,732-8,f0cb4fa4-43d9-4252-bade-a48f6c66e5e3,CBC,Lymphocytes [#/volume] in Blood by Manual count,numeric,10*3/uL,,,Lymphocytes [#/volume] in Blood by Manual count: 10*3/uL,210,"('210','732-8','f0cb4fa4-43d9-4252-bade-a48f6c66e5e3','CBC','Lymphocytes [#/volume] in Blood by Manual count','numeric','10*3/uL','',''),"
211,26477-0,f0cb4fa4-43d9-4252-bade-a48f6c66e5e3,CBC,Variant lymphocytes [#/volume] in Blood,numeric,10*3/uL,,,Variant lymphocytes [#/volume] in Blood: 10*3/uL,211,"('211','26477-0','f0cb4fa4-43d9-4252-bade-a48f6c66e5e3','CBC','Variant lymphocytes [#/volume] in Blood','numeric','10*3/uL','',''),"
212,13046-8,f0cb4fa4-43d9-4252-bade-a48f6c66e5e3,CBC,Variant lymphocytes/100 leukocytes in Blood,numeric,%,,,Variant lymphocytes/100 leukocytes in Blood: %,212,"('212','13046-8','f0cb4fa4-43d9-4252-bade-a48f6c66e5e3','CBC','Variant lymphocytes/100 leukocytes in Blood','numeric','%','',''),"
213,737-7,f0cb4fa4-43d9-4252-bade-a48f6c66e5e3,CBC,Lymphocytes/100 leukocytes in Blood by Manual count,numeric,%,,,Lymphocytes/100 leukocytes in Blood by Manual count: %,213,"('213','737-7','f0cb4fa4-43d9-4252-bade-a48f6c66e5e3','CBC','Lymphocytes/100 leukocytes in Blood by Manual count','numeric','%','',''),"
214,11031-2,f0cb4fa4-43d9-4252-bade-a48f6c66e5e3,CBC,Lymphocytes/100 leukocytes in Body fluid,numeric,%,,,Lymphocytes/100 leukocytes in Body fluid: %,214,"('214','11031-2','f0cb4fa4-43d9-4252-bade-a48f6c66e5e3','CBC','Lymphocytes/100 leukocytes in Body fluid','numeric','%','',''),"
215,55787-6,f0cb4fa4-43d9-4252-bade-a48f6c66e5e3,CBC,Lymphocytes [#] in Cerebral spinal fluid by Manual count,numeric,10*3/uL,,,Lymphocytes [#] in Cerebral spinal fluid by Manual count: 10*3/uL,215,"('215','55787-6','f0cb4fa4-43d9-4252-bade-a48f6c66e5e3','CBC','Lymphocytes [#] in Cerebral spinal fluid by Manual count','numeric','10*3/uL','',''),"
216,26444-0,f0cb4fa4-43d9-4252-bade-a48f6c66e5e3,CBC,Basophils [#/volume] in Blood {BAS #},numeric,10*3/uL,0,0.2,Basophils [#/volume] in Blood {BAS #}: 10*3/uL,216,"('216','26444-0','f0cb4fa4-43d9-4252-bade-a48f6c66e5e3','CBC','Basophils [#/volume] in Blood {BAS #}','numeric','10*3/uL','0','0.2'),"
217,30180-4,f0cb4fa4-43d9-4252-bade-a48f6c66e5e3,CBC,Basophils/100 leukocytes in Blood {BAS %},numeric,%,0,2,Basophils/100 leukocytes in Blood {BAS %}: %,217,"('217','30180-4','f0cb4fa4-43d9-4252-bade-a48f6c66e5e3','CBC','Basophils/100 leukocytes in Blood {BAS %}','numeric','%','0','2'),"
218,707-0,f0cb4fa4-43d9-4252-bade-a48f6c66e5e3,CBC,Basophils/100 leukocytes in Blood by Manual count,numeric,%,,,Basophils/100 leukocytes in Blood by Manual count: %,218,"('218','707-0','f0cb4fa4-43d9-4252-bade-a48f6c66e5e3','CBC','Basophils/100 leukocytes in Blood by Manual count','numeric','%','',''),"
219,26449-9,f0cb4fa4-43d9-4252-bade-a48f6c66e5e3,CBC,Eosinophils [#/volume] in Blood {EOS #},numeric,10*3/uL,0,0.45,Eosinophils [#/volume] in Blood {EOS #}: 10*3/uL,219,"('219','26449-9','f0cb4fa4-43d9-4252-bade-a48f6c66e5e3','CBC','Eosinophils [#/volume] in Blood {EOS #}','numeric','10*3/uL','0','0.45'),"
220,26450-7,f0cb4fa4-43d9-4252-bade-a48f6c66e5e3,CBC,Eosinophils/100 leukocytes in Blood {EOS %},numeric,%,0,5,Eosinophils/100 leukocytes in Blood {EOS %}: %,220,"('220','26450-7','f0cb4fa4-43d9-4252-bade-a48f6c66e5e3','CBC','Eosinophils/100 leukocytes in Blood {EOS %}','numeric','%','0','5'),"
221,714-6,f0cb4fa4-43d9-4252-bade-a48f6c66e5e3,CBC,Eosinophils/100 leukocytes in Blood by Manual count,numeric,%,,,Eosinophils/100 leukocytes in Blood by Manual count: %,221,"('221','714-6','f0cb4fa4-43d9-4252-bade-a48f6c66e5e3','CBC','Eosinophils/100 leukocytes in Blood by Manual count','numeric','%','',''),"
222,26452-3,f0cb4fa4-43d9-4252-bade-a48f6c66e5e3,CBC,Eosinophils/100 leukocytes in Body fluid,numeric,%,,,Eosinophils/100 leukocytes in Body fluid: %,222,"('222','26452-3','f0cb4fa4-43d9-4252-bade-a48f6c66e5e3','CBC','Eosinophils/100 leukocytes in Body fluid','numeric','%','',''),"
223,26484-6,f0cb4fa4-43d9-4252-bade-a48f6c66e5e3,CBC,Monocytes [#/volume] in Blood {MO #},numeric,10*3/uL,0,0.8,Monocytes [#/volume] in Blood {MO #}: 10*3/uL,223,"('223','26484-6','f0cb4fa4-43d9-4252-bade-a48f6c66e5e3','CBC','Monocytes [#/volume] in Blood {MO #}','numeric','10*3/uL','0','0.8'),"
224,5905-5,f0cb4fa4-43d9-4252-bade-a48f6c66e5e3,CBC,Monocytes/100 leukocytes in Blood by Automated count {MO %},numeric,%,0,10,Monocytes/100 leukocytes in Blood by Automated count {MO %}: %,224,"('224','5905-5','f0cb4fa4-43d9-4252-bade-a48f6c66e5e3','CBC','Monocytes/100 leukocytes in Blood by Automated count {MO %}','numeric','%','0','10'),"
225,30394-1,f0cb4fa4-43d9-4252-bade-a48f6c66e5e3,CBC,Granulocytes [#/volume] in Blood {GR #},numeric,10*3/uL,,,Granulocytes [#/volume] in Blood {GR #}: 10*3/uL,225,"('225','30394-1','f0cb4fa4-43d9-4252-bade-a48f6c66e5e3','CBC','Granulocytes [#/volume] in Blood {GR #}','numeric','10*3/uL','',''),"
226,30395-8,f0cb4fa4-43d9-4252-bade-a48f6c66e5e3,CBC,Granulocytes/100 leukocytes in Blood {GR %},numeric,%,,,Granulocytes/100 leukocytes in Blood {GR %}: %,226,"('226','30395-8','f0cb4fa4-43d9-4252-bade-a48f6c66e5e3','CBC','Granulocytes/100 leukocytes in Blood {GR %}','numeric','%','',''),"
227,51584-1,f0cb4fa4-43d9-4252-bade-a48f6c66e5e3,CBC,Immature granulocytes [#/volume] in Blood {IG #},numeric,10*3/uL,,,Immature granulocytes [#/volume] in Blood {IG #}: 10*3/uL,227,"('227','51584-1','f0cb4fa4-43d9-4252-bade-a48f6c66e5e3','CBC','Immature granulocytes [#/volume] in Blood {IG #}','numeric','10*3/uL','',''),"
228,38518-7,f0cb4fa4-43d9-4252-bade-a48f6c66e5e3,CBC,Immature granulocytes/100 leukocytes in Blood {IG %},numeric,%,,,Immature granulocytes/100 leukocytes in Blood {IG %}: %,228,"('228','38518-7','f0cb4fa4-43d9-4252-bade-a48f6c66e5e3','CBC','Immature granulocytes/100 leukocytes in Blood {IG %}','numeric','%','',''),"
229,30446-9,f0cb4fa4-43d9-4252-bade-a48f6c66e5e3,CBC,Myelocytes [#/volume] in Blood,numeric,10*3/uL,,,Myelocytes [#/volume] in Blood: 10*3/uL,229,"('229','30446-9','f0cb4fa4-43d9-4252-bade-a48f6c66e5e3','CBC','Myelocytes [#/volume] in Blood','numeric','10*3/uL','',''),"
230,743-5,f0cb4fa4-43d9-4252-bade-a48f6c66e5e3,CBC,Monocytes [#/volume] in Blood by Manual count,numeric,10*3/uL,,,Monocytes [#/volume] in Blood by Manual count: 10*3/uL,230,"('230','743-5','f0cb4fa4-43d9-4252-bade-a48f6c66e5e3','CBC','Monocytes [#/volume] in Blood by Manual count','numeric','10*3/uL','',''),"
231,26498-6,f0cb4fa4-43d9-4252-bade-a48f6c66e5e3,CBC,Myelocytes/100 leukocytes in Blood,numeric,%,0,1,Myelocytes/100 leukocytes in Blood: %,231,"('231','26498-6','f0cb4fa4-43d9-4252-bade-a48f6c66e5e3','CBC','Myelocytes/100 leukocytes in Blood','numeric','%','0','1'),"
232,744-3,f0cb4fa4-43d9-4252-bade-a48f6c66e5e3,CBC,Monocytes/100 leukocytes in Blood by Manual count,numeric,%,,,Monocytes/100 leukocytes in Blood by Manual count: %,232,"('232','744-3','f0cb4fa4-43d9-4252-bade-a48f6c66e5e3','CBC','Monocytes/100 leukocytes in Blood by Manual count','numeric','%','',''),"
233,739-3,f0cb4fa4-43d9-4252-bade-a48f6c66e5e3,CBC,Metamyelocytes [#/volume] in Blood by Manual count,numeric,10*3/uL,,,Metamyelocytes [#/volume] in Blood by Manual count: 10*3/uL,233,"('233','739-3','f0cb4fa4-43d9-4252-bade-a48f6c66e5e3','CBC','Metamyelocytes [#/volume] in Blood by Manual count','numeric','10*3/uL','',''),"
234,28541-1,f0cb4fa4-43d9-4252-bade-a48f6c66e5e3,CBC,Metamyelocytes/100 leukocytes in Blood,numeric,%,0,1,Metamyelocytes/100 leukocytes in Blood: %,234,"('234','28541-1','f0cb4fa4-43d9-4252-bade-a48f6c66e5e3','CBC','Metamyelocytes/100 leukocytes in Blood','numeric','%','0','1'),"
235,26523-1,f0cb4fa4-43d9-4252-bade-a48f6c66e5e3,CBC,Promyelocytes [#/volume] in Blood,numeric,10*3/uL,,,Promyelocytes [#/volume] in Blood: 10*3/uL,235,"('235','26523-1','f0cb4fa4-43d9-4252-bade-a48f6c66e5e3','CBC','Promyelocytes [#/volume] in Blood','numeric','10*3/uL','',''),"
236,26524-9,f0cb4fa4-43d9-4252-bade-a48f6c66e5e3,CBC,Promyelocytes/100 leukocytes in Blood,numeric,%,0,5,Promyelocytes/100 leukocytes in Blood: %,236,"('236','26524-9','f0cb4fa4-43d9-4252-bade-a48f6c66e5e3','CBC','Promyelocytes/100 leukocytes in Blood','numeric','%','0','5'),"
237,30392-5,f0cb4fa4-43d9-4252-bade-a48f6c66e5e3,CBC,Nucleated erythrocytes [#/volume] in Blood,numeric,10*3/uL,,,Nucleated erythrocytes [#/volume] in Blood: 10*3/uL,237,"('237','30392-5','f0cb4fa4-43d9-4252-bade-a48f6c66e5e3','CBC','Nucleated erythrocytes [#/volume] in Blood','numeric','10*3/uL','',''),"
238,30466-7,f0cb4fa4-43d9-4252-bade-a48f6c66e5e3,CBC,Promonocytes/100 leukocytes in Blood,numeric,%,,,Promonocytes/100 leukocytes in Blood: %,238,"('238','30466-7','f0cb4fa4-43d9-4252-bade-a48f6c66e5e3','CBC','Promonocytes/100 leukocytes in Blood','numeric','%','',''),"